,time,PLUS_DI,MINUS_DI,ADX
0,2022-10-31 12:00,32.4772,36.5938,
1,2022-10-31 13:00,30.6765,36.681,
2,2022-10-31 14:00,34.008,32.7068,
3,2022-10-31 15:00,34.2684,30.794,
4,2022-10-31 16:00,32.7122,29.3956,
5,2022-10-31 17:00,32.5501,29.2499,
6,2022-10-31 20:00,33.2624,28.941,
7,2022-11-01 08:00,35.4644,27.9861,
8,2022-11-01 09:00,38.3836,26.7201,
9,2022-11-01 10:00,33.4894,28.6259,
10,2022-11-01 11:00,28.4444,26.7433,
11,2022-11-01 12:00,29.6799,24.3246,
12,2022-11-01 13:00,30.2727,22.4808,
13,2022-11-01 14:00,28.8031,21.3895,
14,2022-11-01 15:00,29.3594,20.3268,8.56
15,2022-11-01 16:00,27.0443,20.6953,9.43
16,2022-11-01 17:00,24.2167,27.0861,9.75
17,2022-11-01 18:00,24.0484,24.8012,10.01
18,2022-11-02 10:00,20.3509,33.8007,9.74
19,2022-11-02 11:00,19.4818,34.9989,11.13
20,2022-11-02 12:00,23.0518,33.1117,12.78
21,2022-11-02 13:00,22.413,32.194,13.57
22,2022-11-02 14:00,21.3338,34.544,14.0
23,2022-11-02 15:00,26.7793,30.1645,14.41
24,2022-11-02 16:00,23.9758,32.2454,14.28
25,2022-11-02 17:00,23.7525,31.945,15.11
26,2022-11-02 18:00,23.7525,31.945,15.45
27,2022-11-03 05:00,34.3857,27.4901,15.45
28,2022-11-03 09:00,33.6908,28.9554,15.19
29,2022-11-03 10:00,27.1048,42.7926,14.43
30,2022-11-03 11:00,28.0827,37.9318,15.08
31,2022-11-03 12:00,27.6287,36.1925,15.75
32,2022-11-03 13:00,26.8714,34.6376,16.6
33,2022-11-03 14:00,25.4601,33.6865,15.72
34,2022-11-03 15:00,24.4225,32.3226,14.68
35,2022-11-03 16:00,23.179,30.6769,14.4
36,2022-11-03 20:00,23.179,30.6769,14.11
37,2022-11-04 08:00,29.9478,27.9739,13.42
38,2022-11-04 09:00,33.4558,26.5731,13.24
39,2022-11-04 10:00,46.2176,21.4769,13.01
40,2022-11-04 11:00,45.9613,18.3724,14.57
41,2022-11-04 12:00,42.4362,16.7552,16.58
42,2022-11-04 13:00,40.4962,19.345,18.88
43,2022-11-04 14:00,39.3429,18.3975,20.87
44,2022-11-04 15:00,37.9845,17.7623,21.85
45,2022-11-04 16:00,36.6228,18.0217,23.38
46,2022-11-04 17:00,29.735,31.8724,24.85
47,2022-11-04 18:00,28.4417,25.4333,24.2
48,2022-11-07 05:00,32.3657,24.0386,23.6
49,2022-11-07 09:00,27.8439,34.6513,23.66
50,2022-11-07 10:00,24.9438,37.7817,23.45
51,2022-11-07 11:00,23.7677,36.6289,23.91
52,2022-11-07 12:00,23.2175,37.1037,25.19
53,2022-11-07 13:00,22.4654,36.5842,26.02
54,2022-11-07 14:00,24.469,34.9005,25.11
55,2022-11-07 15:00,22.9796,33.8503,23.31
56,2022-11-07 16:00,22.1264,32.5935,21.57
57,2022-11-07 17:00,22.1264,32.5935,20.42
58,2022-11-07 18:00,25.9525,30.9922,19.19
59,2022-11-07 19:00,25.5027,32.1882,17.23
60,2022-11-08 08:00,24.3658,35.2113,15.63
61,2022-11-08 09:00,21.2982,40.0108,16.68
62,2022-11-08 10:00,22.0343,37.4231,18.46
63,2022-11-08 11:00,27.0628,34.0163,19.26
64,2022-11-08 12:00,28.7088,31.885,19.29
65,2022-11-08 13:00,27.5918,30.6444,18.2
66,2022-11-08 14:00,25.6789,32.4196,17.06
67,2022-11-08 15:00,23.1354,32.3868,16.24
68,2022-11-08 16:00,22.9004,30.8504,15.72
69,2022-11-08 17:00,20.3503,37.7251,15.53
70,2022-11-09 05:00,37.1153,29.7845,16.3
71,2022-11-09 09:00,32.2415,33.7523,15.71
72,2022-11-09 10:00,30.3715,31.1124,14.51
73,2022-11-09 11:00,32.8629,28.9768,13.96
74,2022-11-09 12:00,30.5008,28.5276,13.58
75,2022-11-09 13:00,29.0575,26.5648,12.52
76,2022-11-09 14:00,28.2598,25.8355,10.66
77,2022-11-09 15:00,26.684,28.5752,9.13
78,2022-11-09 16:00,25.4412,27.2443,8.57
79,2022-11-09 17:00,24.1373,28.4105,8.44
80,2022-11-10 06:00,22.538,28.0005,8.64
81,2022-11-10 08:00,27.4226,25.203,8.59
82,2022-11-10 09:00,24.2539,30.4474,7.7
83,2022-11-10 10:00,21.2925,27.3724,7.45
84,2022-11-10 11:00,19.4117,24.9546,6.2
85,2022-11-10 12:00,21.7451,23.4415,6.31
86,2022-11-10 13:00,20.7469,22.3653,6.42
87,2022-11-10 14:00,19.2513,25.3405,6.6
88,2022-11-10 15:00,18.2835,28.0882,7.13
89,2022-11-10 16:00,18.309,26.5548,8.4
90,2022-11-10 17:00,18.1754,26.3611,9.39
91,2022-11-10 18:00,20.6686,25.5578,10.38
92,2022-11-10 20:00,20.6669,25.5639,10.9
93,2022-11-11 08:00,19.7943,28.7066,11.41
94,2022-11-11 09:00,38.7646,21.9169,12.14
95,2022-11-11 10:00,36.5054,20.2483,13.35
96,2022-11-11 11:00,44.7673,17.0144,15.09
97,2022-11-11 12:00,42.7489,16.2473,17.49
98,2022-11-11 13:00,41.178,15.6502,19.81
99,2022-11-11 14:00,39.3381,14.951,22.13
100,2022-11-11 15:00,37.1751,15.0803,25.07
101,2022-11-11 16:00,35.696,14.4803,27.82
102,2022-11-11 17:00,35.1484,14.2581,29.86
103,2022-11-14 09:00,40.3903,12.7801,31.37
104,2022-11-14 10:00,37.4073,14.0518,33.77
105,2022-11-14 11:00,40.1021,12.8743,35.7
106,2022-11-14 12:00,37.531,12.0488,38.62
107,2022-11-14 13:00,35.9664,13.0624,41.53
108,2022-11-14 14:00,34.9294,12.4043,43.55
109,2022-11-14 15:00,37.1033,11.4047,44.97
110,2022-11-14 16:00,34.8021,11.085,46.71
111,2022-11-14 17:00,34.6574,11.0389,47.19
112,2022-11-14 18:00,33.4591,14.1149,47.67
113,2022-11-14 20:00,39.1259,12.9128,47.37
114,2022-11-15 06:00,44.7045,11.7295,47.76
115,2022-11-15 09:00,37.9032,22.8767,48.91
116,2022-11-15 10:00,38.3832,20.9071,47.66
117,2022-11-15 11:00,36.0602,19.6418,46.74
118,2022-11-15 12:00,34.8218,18.9672,45.14
119,2022-11-15 13:00,33.6983,18.4127,44.0
120,2022-11-15 14:00,31.2146,19.5697,42.43
121,2022-11-15 15:00,30.1048,18.874,40.39
122,2022-11-15 16:00,29.4826,18.2069,38.7
123,2022-11-15 17:00,30.0497,16.9189,36.99
124,2022-11-15 18:00,27.9225,15.7212,35.2
125,2022-11-16 09:00,24.8447,18.2278,33.5
126,2022-11-16 10:00,21.8516,23.2601,30.91
127,2022-11-16 11:00,20.6042,25.1943,28.23
128,2022-11-16 12:00,19.7574,24.9,25.35
129,2022-11-16 13:00,18.6575,25.7578,21.99
130,2022-11-16 14:00,17.6791,29.2139,21.37
131,2022-11-16 15:00,18.0705,27.6523,21.02
132,2022-11-16 16:00,17.5405,26.1472,20.41
133,2022-11-16 17:00,17.5405,26.1472,19.72
134,2022-11-17 08:00,16.4989,30.5325,19.03
135,2022-11-17 09:00,13.3651,42.0004,19.52
136,2022-11-17 10:00,11.7293,36.8597,21.58
137,2022-11-17 11:00,12.9583,34.2979,23.58
138,2022-11-17 12:00,12.1555,37.1292,24.81
139,2022-11-17 13:00,12.0572,34.3176,26.43
140,2022-11-17 14:00,11.4125,32.4827,28.77
141,2022-11-17 15:00,15.9146,29.9175,31.97
142,2022-11-17 16:00,17.5034,28.1532,33.44
143,2022-11-17 17:00,17.4243,28.0261,34.28
144,2022-11-17 18:00,17.4243,28.0261,34.81
145,2022-11-18 09:00,27.9847,24.4419,34.71
146,2022-11-18 10:00,24.6867,31.6107,33.7
147,2022-11-18 11:00,23.3759,29.9323,33.17
148,2022-11-18 12:00,20.7113,32.4309,32.64
149,2022-11-18 13:00,19.4718,31.7725,32.09
150,2022-11-18 14:00,18.2929,29.8488,30.11
151,2022-11-18 15:00,17.7154,28.9064,28.13
152,2022-11-18 16:00,18.7476,27.5674,26.62
153,2022-11-18 17:00,18.5624,27.2951,24.36
154,2022-11-18 18:00,20.2591,26.7264,22.29
155,2022-11-18 20:00,22.0089,26.14,19.84
156,2022-11-21 05:00,22.0089,26.14,18.27
157,2022-11-21 08:00,32.3404,22.6772,17.22
158,2022-11-21 09:00,29.5317,23.9645,16.81
159,2022-11-21 10:00,25.6773,29.8226,15.89
160,2022-11-21 11:00,23.0703,26.2355,15.94
161,2022-11-21 12:00,21.0887,24.5224,15.52
162,2022-11-21 13:00,26.682,22.2096,15.18
163,2022-11-21 14:00,27.2532,21.2571,14.25
164,2022-11-21 15:00,26.0602,22.7802,13.42
165,2022-11-21 16:00,25.7962,21.6368,12.19
166,2022-11-21 17:00,35.1206,17.6333,11.1
167,2022-11-21 18:00,34.7905,17.4676,12.11
168,2022-11-21 19:00,39.1053,16.3118,13.11
169,2022-11-21 20:00,43.156,15.2267,15.07
170,2022-11-22 05:00,49.9562,13.4052,17.87
171,2022-11-22 06:00,47.9528,12.8676,21.38
172,2022-11-22 08:00,40.8894,25.7022,24.25
173,2022-11-22 09:00,42.7441,22.9695,25.13
174,2022-11-22 10:00,39.9364,20.6538,26.75
175,2022-11-22 11:00,41.1986,19.3991,28.56
176,2022-11-22 12:00,38.3325,23.2671,30.59
177,2022-11-22 13:00,36.9484,22.427,31.69
178,2022-11-22 14:00,37.8902,20.8088,32.55
179,2022-11-22 15:00,35.8035,19.6628,34.15
180,2022-11-22 16:00,37.0806,17.894,35.6
181,2022-11-22 17:00,41.3837,16.1723,35.73
182,2022-11-23 09:00,35.9589,23.8837,36.49
183,2022-11-23 10:00,34.2947,22.7783,34.99
184,2022-11-23 11:00,36.4305,20.8857,33.02
185,2022-11-23 12:00,36.7237,19.1703,30.83
186,2022-11-23 13:00,35.0201,18.281,28.96
187,2022-11-23 14:00,33.4987,17.4868,29.57
188,2022-11-23 15:00,33.6349,16.4118,29.66
189,2022-11-23 16:00,32.5036,15.8598,29.85
190,2022-11-23 17:00,31.8761,15.5536,29.74
191,2022-11-23 18:00,26.6188,27.7453,30.45
192,2022-11-23 20:00,27.2984,27.4883,28.85
193,2022-11-25 08:00,41.8086,22.002,26.8
194,2022-11-25 09:00,42.6847,18.6412,26.94
195,2022-11-25 10:00,40.1863,17.5404,27.24
196,2022-11-25 11:00,38.7984,17.7021,26.92
197,2022-11-25 12:00,37.8429,16.5606,28.14
198,2022-11-25 13:00,36.0422,19.8648,29.49
199,2022-11-25 14:00,35.737,19.6965,29.62
200,2022-11-25 16:00,35.737,19.6965,29.45
201,2022-11-28 08:00,33.7483,24.1653,29.27
202,2022-11-28 09:00,29.0981,31.1698,28.21
203,2022-11-28 10:00,26.4044,29.1259,26.0
204,2022-11-28 11:00,28.1722,27.743,23.89
205,2022-11-28 12:00,30.0302,26.5106,21.49
206,2022-11-28 13:00,30.0735,24.9585,21.78
207,2022-11-28 14:00,28.4194,24.0441,22.42
208,2022-11-28 15:00,27.5994,25.2677,20.8
209,2022-11-28 16:00,27.4864,24.2656,18.32
210,2022-11-28 17:00,27.196,24.0092,15.96
211,2022-11-29 09:00,42.2959,19.0296,13.74
212,2022-11-29 10:00,44.0728,16.752,13.65
213,2022-11-29 11:00,46.6528,14.5429,14.79
214,2022-11-29 12:00,45.4037,13.7723,16.47
215,2022-11-29 13:00,43.3053,13.1358,18.23
216,2022-11-29 14:00,42.4774,12.2521,20.86
217,2022-11-29 15:00,41.1723,11.8756,24.56
218,2022-11-29 16:00,40.4964,11.5481,28.16
219,2022-11-29 17:00,34.3194,23.3619,32.07
220,2022-11-30 05:00,29.4772,20.0658,32.99
221,2022-11-30 09:00,27.848,22.115,33.68
222,2022-11-30 10:00,35.5236,19.7624,33.9
223,2022-11-30 11:00,39.4948,18.1988,35.62
224,2022-11-30 12:00,40.1379,17.4212,37.82
225,2022-11-30 13:00,36.476,21.5339,40.19
226,2022-11-30 14:00,34.2336,20.9786,39.32
227,2022-11-30 15:00,32.4935,19.6744,37.83
228,2022-11-30 16:00,30.5768,18.5139,35.83
229,2022-11-30 17:00,29.5942,19.4929,33.77
230,2022-11-30 20:00,31.1642,18.8409,31.42
231,2022-12-01 09:00,28.069,26.9017,29.24
232,2022-12-01 10:00,25.8777,26.4451,25.45
233,2022-12-01 11:00,23.3934,27.1064,21.55
234,2022-12-01 12:00,22.0628,26.3771,20.72
235,2022-12-01 13:00,20.6616,25.5214,20.0
236,2022-12-01 14:00,19.9997,24.4429,19.93
237,2022-12-01 15:00,19.4681,23.7931,18.61
238,2022-12-01 16:00,18.9263,23.131,16.68
239,2022-12-01 17:00,18.8323,23.016,14.58
240,2022-12-02 08:00,32.551,19.1259,13.45
241,2022-12-02 09:00,25.4739,32.9607,13.59
242,2022-12-02 10:00,32.8465,27.0615,12.75
243,2022-12-02 11:00,31.9905,25.2584,11.69
244,2022-12-02 12:00,30.5649,25.5039,11.06
245,2022-12-02 13:00,29.3722,26.6372,9.94
246,2022-12-02 14:00,28.2913,27.129,10.14
247,2022-12-02 15:00,28.5202,25.8974,10.21
248,2022-12-02 16:00,27.62,25.08,10.03
249,2022-12-02 17:00,30.3942,23.2982,9.74
250,2022-12-05 09:00,27.7949,27.5252,9.93
251,2022-12-05 10:00,24.8788,30.6325,9.25
252,2022-12-05 11:00,23.8215,30.8761,9.28
253,2022-12-05 12:00,23.0541,29.8814,9.49
254,2022-12-05 13:00,22.8322,28.5209,9.69
255,2022-12-05 14:00,22.1413,27.6579,8.63
256,2022-12-05 15:00,21.1565,28.6517,8.51
257,2022-12-05 16:00,20.5654,27.8512,8.89
258,2022-12-05 17:00,20.5654,27.8512,9.13
259,2022-12-06 08:00,29.6796,24.6556,9.56
260,2022-12-06 09:00,26.4156,32.9416,9.87
261,2022-12-06 10:00,34.1851,28.6937,10.5
262,2022-12-06 11:00,31.6912,26.6004,10.78
263,2022-12-06 12:00,29.7654,29.7586,11.06
264,2022-12-06 13:00,28.1844,31.2764,10.12
265,2022-12-06 14:00,26.7802,33.3415,10.46
266,2022-12-06 15:00,25.5347,31.7909,10.49
267,2022-12-06 16:00,26.7952,29.8475,10.35
268,2022-12-06 17:00,26.6601,29.6971,9.82
269,2022-12-07 09:00,20.9706,40.4322,9.41
270,2022-12-07 10:00,18.9656,36.5664,10.88
271,2022-12-07 11:00,20.6942,33.5614,12.07
272,2022-12-07 12:00,19.487,31.6036,12.69
273,2022-12-07 13:00,20.6914,30.117,13.31
274,2022-12-07 14:00,19.8223,29.0815,13.97
275,2022-12-07 15:00,19.0095,28.5633,14.54
276,2022-12-07 16:00,18.2914,27.4844,15.35
277,2022-12-07 17:00,18.1989,27.3454,16.16
278,2022-12-07 20:00,19.0806,27.0506,17.6
279,2022-12-08 08:00,18.0339,31.0523,18.46
280,2022-12-08 09:00,13.3682,40.1321,19.57
281,2022-12-08 10:00,15.1946,37.6466,22.37
282,2022-12-08 11:00,13.9333,36.706,25.02
283,2022-12-08 12:00,13.1303,36.3639,27.85
284,2022-12-08 13:00,12.7056,35.1878,28.93
285,2022-12-08 14:00,12.2192,35.2763,30.02
286,2022-12-08 15:00,11.6204,35.5078,31.8
287,2022-12-08 16:00,11.2637,36.4642,33.72
288,2022-12-08 17:00,11.2637,36.4642,36.17
289,2022-12-08 18:00,18.957,33.3028,38.59
290,2022-12-09 09:00,16.2946,42.6701,39.12
291,2022-12-09 10:00,14.2879,37.4153,40.88
292,2022-12-09 11:00,16.3478,35.2572,42.64
293,2022-12-09 12:00,17.1738,32.8748,44.02
294,2022-12-09 13:00,16.9778,30.6448,44.37
295,2022-12-09 14:00,16.4624,29.7145,42.84
296,2022-12-09 15:00,17.5878,28.0342,41.86
297,2022-12-09 16:00,17.0224,27.6687,40.28
298,2022-12-09 17:00,16.8282,27.3531,38.63
299,2022-12-12 09:00,13.7805,40.5098,36.98
300,2022-12-12 10:00,12.5561,43.3275,37.03
301,2022-12-12 11:00,16.9684,38.7835,37.34
302,2022-12-12 12:00,15.3198,36.866,36.36
303,2022-12-12 13:00,15.1392,35.2837,35.54
304,2022-12-12 14:00,15.1095,34.0594,36.43
305,2022-12-12 15:00,16.4143,32.4186,35.99
306,2022-12-12 16:00,20.2322,30.7366,35.14
307,2022-12-12 17:00,20.2322,30.7366,33.99
308,2022-12-12 20:00,15.8461,45.7522,33.22
309,2022-12-13 09:00,38.368,33.5077,34.64
310,2022-12-13 10:00,35.005,30.5707,33.08
311,2022-12-13 11:00,33.6803,29.4139,31.92
312,2022-12-13 12:00,31.8011,30.4663,30.7
313,2022-12-13 13:00,30.5358,29.6519,29.16
314,2022-12-13 14:00,29.7363,28.0873,25.74
315,2022-12-13 15:00,27.2361,31.3309,22.01
316,2022-12-13 16:00,26.0028,31.1472,19.72
317,2022-12-13 17:00,25.0052,29.9521,17.41
318,2022-12-13 18:00,25.0052,29.9521,15.2
319,2022-12-13 20:00,24.2848,31.9702,13.09
320,2022-12-14 08:00,22.6454,33.6695,11.73
321,2022-12-14 09:00,20.9082,37.799,11.65
322,2022-12-14 10:00,19.8817,35.9431,12.24
323,2022-12-14 11:00,21.3601,33.3019,10.82
324,2022-12-14 12:00,21.5075,31.9533,11.9
325,2022-12-14 13:00,21.6113,29.8386,12.81
326,2022-12-14 14:00,22.1625,28.4356,13.47
327,2022-12-14 15:00,20.4249,28.8611,14.21
328,2022-12-14 16:00,23.7282,26.9077,15.32
329,2022-12-14 17:00,23.7282,26.9077,15.57
330,2022-12-14 18:00,23.445,27.7798,15.52
331,2022-12-15 09:00,31.3807,24.9002,15.48
332,2022-12-15 10:00,29.207,30.1021,15.66
333,2022-12-15 11:00,25.8345,34.8741,15.12
334,2022-12-15 12:00,24.1206,34.219,15.21
335,2022-12-15 13:00,25.8103,30.5778,15.05
336,2022-12-15 14:00,24.28,29.8429,13.6
337,2022-12-15 15:00,23.0746,30.0162,12.28
338,2022-12-15 16:00,21.7807,29.4545,11.65
339,2022-12-15 17:00,21.6499,29.2777,11.32
340,2022-12-15 20:00,21.3736,30.1804,11.25
341,2022-12-16 09:00,24.1684,28.6075,11.59
342,2022-12-16 10:00,27.347,25.0874,10.96
343,2022-12-16 11:00,25.1783,23.0978,10.82
344,2022-12-16 12:00,26.9921,21.41,10.68
345,2022-12-16 13:00,24.8717,21.5409,10.9
346,2022-12-16 14:00,23.7881,22.4697,10.59
347,2022-12-16 15:00,22.0172,25.7599,10.69
348,2022-12-16 16:00,20.5099,25.2411,10.18
349,2022-12-16 17:00,20.3733,25.0731,9.69
350,2022-12-19 07:00,27.637,22.7859,9.82
351,2022-12-19 08:00,26.8825,24.894,9.77
352,2022-12-19 09:00,24.0536,31.4821,9.11
353,2022-12-19 10:00,20.5588,32.9619,9.0
354,2022-12-19 11:00,19.1831,33.1895,9.59
355,2022-12-19 12:00,18.5723,32.1328,10.28
356,2022-12-19 13:00,20.0706,30.2718,11.59
357,2022-12-19 14:00,19.1544,28.6328,12.72
358,2022-12-19 15:00,18.0102,30.2411,13.83
359,2022-12-19 16:00,17.5932,28.4132,14.82
360,2022-12-19 17:00,17.3424,28.0081,15.99
361,2022-12-19 19:00,26.3854,24.9439,17.46
362,2022-12-20 08:00,26.0024,26.0333,17.11
363,2022-12-20 09:00,18.9415,37.0103,16.37
364,2022-12-20 10:00,32.2358,30.9403,17.94
365,2022-12-20 11:00,32.9924,29.1693,17.4
366,2022-12-20 12:00,31.5768,27.9177,17.56
367,2022-12-20 13:00,30.1822,29.9972,17.05
368,2022-12-20 14:00,29.6107,28.3138,15.41
369,2022-12-20 15:00,28.2451,27.008,13.66
370,2022-12-20 16:00,26.5941,28.9365,11.91
371,2022-12-20 17:00,25.319,27.5491,10.77
372,2022-12-20 20:00,24.9963,28.4724,9.65
373,2022-12-21 09:00,35.6021,24.4463,8.31
374,2022-12-21 10:00,32.6938,24.7916,7.95
375,2022-12-21 11:00,30.7634,23.3278,7.25
376,2022-12-21 12:00,30.1199,21.9332,8.04
377,2022-12-21 13:00,28.298,20.6065,9.15
378,2022-12-21 14:00,27.0639,19.7078,7.97
379,2022-12-21 15:00,25.6852,19.3406,8.95
380,2022-12-21 16:00,25.6331,17.8701,9.52
381,2022-12-21 17:00,25.6331,17.8701,10.35
382,2022-12-21 18:00,17.2616,39.7448,11.6
383,2022-12-22 09:00,14.6137,33.6482,14.26
384,2022-12-22 10:00,13.3195,34.6536,16.92
385,2022-12-22 11:00,12.4303,33.2302,19.79
386,2022-12-22 12:00,13.6912,31.7104,22.75
387,2022-12-22 13:00,12.9271,31.801,25.12
388,2022-12-22 14:00,12.1335,34.0794,26.8
389,2022-12-22 15:00,11.3843,35.3,29.21
390,2022-12-22 16:00,17.6155,32.6294,31.89
391,2022-12-22 17:00,16.762,31.0484,32.9
